{
  "best_global_step": 500,
  "best_metric": 0.09572313486752496,
  "best_model_checkpoint": "./whisper-small-uyghur-finetuned-peft/checkpoint-500",
  "epoch": 2.347417840375587,
  "eval_steps": 500,
  "global_step": 500,
  "is_hyper_param_search": false,
  "is_local_process_zero": true,
  "is_world_process_zero": true,
  "log_history": [
    {
      "epoch": 0.11737089201877934,
      "grad_norm": 4.076897621154785,
      "learning_rate": 0.00024,
      "loss": 7.6377,
      "step": 25
    },
    {
      "epoch": 0.2347417840375587,
      "grad_norm": 2.064666986465454,
      "learning_rate": 0.00049,
      "loss": 4.2483,
      "step": 50
    },
    {
      "epoch": 0.352112676056338,
      "grad_norm": 1.6755869388580322,
      "learning_rate": 0.00074,
      "loss": 2.142,
      "step": 75
    },
    {
      "epoch": 0.4694835680751174,
      "grad_norm": 1.2357345819473267,
      "learning_rate": 0.00099,
      "loss": 1.4432,
      "step": 100
    },
    {
      "epoch": 0.5868544600938967,
      "grad_norm": 0.9634851813316345,
      "learning_rate": 0.0009873684210526315,
      "loss": 1.1622,
      "step": 125
    },
    {
      "epoch": 0.704225352112676,
      "grad_norm": 1.0495091676712036,
      "learning_rate": 0.0009742105263157895,
      "loss": 1.0245,
      "step": 150
    },
    {
      "epoch": 0.8215962441314554,
      "grad_norm": 1.0421931743621826,
      "learning_rate": 0.0009610526315789475,
      "loss": 0.9796,
      "step": 175
    },
    {
      "epoch": 0.9389671361502347,
      "grad_norm": 1.101073145866394,
      "learning_rate": 0.0009478947368421053,
      "loss": 0.8712,
      "step": 200
    },
    {
      "epoch": 1.056338028169014,
      "grad_norm": 0.9179225564002991,
      "learning_rate": 0.0009347368421052633,
      "loss": 0.845,
      "step": 225
    },
    {
      "epoch": 1.1737089201877935,
      "grad_norm": 0.9585484266281128,
      "learning_rate": 0.0009215789473684211,
      "loss": 0.7406,
      "step": 250
    },
    {
      "epoch": 1.2910798122065728,
      "grad_norm": 0.9690878391265869,
      "learning_rate": 0.000908421052631579,
      "loss": 0.7362,
      "step": 275
    },
    {
      "epoch": 1.408450704225352,
      "grad_norm": 0.9718533754348755,
      "learning_rate": 0.0008952631578947369,
      "loss": 0.7253,
      "step": 300
    },
    {
      "epoch": 1.5258215962441315,
      "grad_norm": 0.7734087705612183,
      "learning_rate": 0.0008821052631578948,
      "loss": 0.6835,
      "step": 325
    },
    {
      "epoch": 1.6431924882629108,
      "grad_norm": 0.7610704302787781,
      "learning_rate": 0.0008689473684210526,
      "loss": 0.6922,
      "step": 350
    },
    {
      "epoch": 1.76056338028169,
      "grad_norm": 0.9036187529563904,
      "learning_rate": 0.0008557894736842106,
      "loss": 0.7148,
      "step": 375
    },
    {
      "epoch": 1.8779342723004695,
      "grad_norm": 0.7860179543495178,
      "learning_rate": 0.0008426315789473684,
      "loss": 0.6493,
      "step": 400
    },
    {
      "epoch": 1.995305164319249,
      "grad_norm": 1.0300235748291016,
      "learning_rate": 0.0008294736842105264,
      "loss": 0.6483,
      "step": 425
    },
    {
      "epoch": 2.112676056338028,
      "grad_norm": 0.822669267654419,
      "learning_rate": 0.0008163157894736842,
      "loss": 0.5521,
      "step": 450
    },
    {
      "epoch": 2.2300469483568075,
      "grad_norm": 0.8208692073822021,
      "learning_rate": 0.0008031578947368421,
      "loss": 0.5494,
      "step": 475
    },
    {
      "epoch": 2.347417840375587,
      "grad_norm": 0.7103673815727234,
      "learning_rate": 0.00079,
      "loss": 0.5242,
      "step": 500
    },
    {
      "epoch": 2.347417840375587,
      "eval_cer": 0.09572313486752496,
      "eval_loss": 0.612155020236969,
      "eval_runtime": 1022.0031,
      "eval_samples_per_second": 0.742,
      "eval_steps_per_second": 0.047,
      "step": 500
    }
  ],
  "logging_steps": 25,
  "max_steps": 2000,
  "num_input_tokens_seen": 0,
  "num_train_epochs": 10,
  "save_steps": 500,
  "stateful_callbacks": {
    "TrainerControl": {
      "args": {
        "should_epoch_stop": false,
        "should_evaluate": false,
        "should_log": false,
        "should_save": true,
        "should_training_stop": false
      },
      "attributes": {}
    }
  },
  "total_flos": 4.63775072256e+18,
  "train_batch_size": 32,
  "trial_name": null,
  "trial_params": null
}
